Local,Resultado,Visitante,Estadio,year
,,,,2010
,,,,2010
,,,,2010
,,,,2010
,,,,2010
,,,,2010
,,,,2010
,,,,2010
,,,,2010
,,,,2010
,,,,2010
,,,,2010
,,,,2010
,,,,2010
,,,,2010
,,,,2010
,,,,2010
,,,,2010
,,,,2010
,,,,2010
,,,,2010
,,,,2010
,,,,2010
,,,,2010
,,,,2010
,,,,2010
,,,,2010
,,,,2010
,,,,2010
,,,,2010
,,,,2010
,,,,2010
,,,,2010
,,,,2010
,,,,2010
,,,,2010
,,,,2010
,,,,2010
,,,,2010
,,,,2010
,,,,2010
,,,,2010
,,,,2010
,,,,2010
,,,,2010
,,,,2010
,,,,2010
,,,,2010
,,,,2010
,,,,2010
,,,,2010
,,,,2010
,,,,2010
,,,,2010
,,,,2010
,,,,2010
,,,,2010
,,,,2010
,,,,2010
,,,,2010
,,,,2010
,,,,2010
,,,,2010
,,,,2010
